{
	"class_name" : "PinholeCameraParameters",
	"extrinsic" : 
	[
		0.91609453672295826,
		0.099122119396521352,
		-0.38851718782145311,
		0.0,
		0.013875236009180527,
		0.96054455474026768,
		0.27777983401339745,
		0.0,
		0.40072219505792034,
		-0.25986335602612937,
		0.87857427607618888,
		0.0,
		-39.715929205282464,
		122.13440062813392,
		426.63780293463651,
		1.0
	],
	"intrinsic" : 
	{
		"height" : 1122,
		"intrinsic_matrix" : 
		[
			971.68050304614019,
			0.0,
			0.0,
			0.0,
			971.68050304614019,
			0.0,
			949.5,
			560.5,
			1.0
		],
		"width" : 1900
	},
	"version_major" : 1,
	"version_minor" : 0
}